filename,label
circle_0_edges.png,circle
circle_101_edges.png,circle
circle_109_edges.png,circle
circle_112_edges.png,circle
circle_115_edges.png,circle
circle_116_edges.png,circle
circle_120_edges.png,circle
circle_121_edges.png,circle
circle_123_edges.png,circle
circle_127_edges.png,circle
circle_129_edges.png,circle
circle_12_edges.png,circle
circle_130_edges.png,circle
circle_135_edges.png,circle
circle_136_edges.png,circle
circle_137_edges.png,circle
circle_138_edges.png,circle
circle_13_edges.png,circle
circle_140_edges.png,circle
circle_143_edges.png,circle
circle_144_edges.png,circle
circle_145_edges.png,circle
circle_148_edges.png,circle
circle_153_edges.png,circle
circle_156_edges.png,circle
circle_158_edges.png,circle
circle_159_edges.png,circle
circle_161_edges.png,circle
circle_164_edges.png,circle
circle_166_edges.png,circle
circle_168_edges.png,circle
circle_174_edges.png,circle
circle_177_edges.png,circle
circle_178_edges.png,circle
circle_17_edges.png,circle
circle_185_edges.png,circle
circle_192_edges.png,circle
circle_196_edges.png,circle
circle_199_edges.png,circle
circle_200_edges.png,circle
circle_202_edges.png,circle
circle_206_edges.png,circle
circle_208_edges.png,circle
circle_209_edges.png,circle
circle_210_edges.png,circle
circle_212_edges.png,circle
circle_215_edges.png,circle
circle_219_edges.png,circle
circle_21_edges.png,circle
circle_221_edges.png,circle
circle_223_edges.png,circle
circle_224_edges.png,circle
circle_227_edges.png,circle
circle_232_edges.png,circle
circle_234_edges.png,circle
circle_236_edges.png,circle
circle_240_edges.png,circle
circle_241_edges.png,circle
circle_244_edges.png,circle
circle_245_edges.png,circle
circle_254_edges.png,circle
circle_256_edges.png,circle
circle_257_edges.png,circle
circle_25_edges.png,circle
circle_268_edges.png,circle
circle_26_edges.png,circle
circle_271_edges.png,circle
circle_274_edges.png,circle
circle_277_edges.png,circle
circle_280_edges.png,circle
circle_281_edges.png,circle
circle_283_edges.png,circle
circle_289_edges.png,circle
circle_290_edges.png,circle
circle_303_edges.png,circle
circle_305_edges.png,circle
circle_306_edges.png,circle
circle_307_edges.png,circle
circle_308_edges.png,circle
circle_309_edges.png,circle
circle_30_edges.png,circle
circle_311_edges.png,circle
circle_312_edges.png,circle
circle_313_edges.png,circle
circle_315_edges.png,circle
circle_317_edges.png,circle
circle_318_edges.png,circle
circle_322_edges.png,circle
circle_323_edges.png,circle
circle_324_edges.png,circle
circle_329_edges.png,circle
circle_330_edges.png,circle
circle_331_edges.png,circle
circle_332_edges.png,circle
circle_333_edges.png,circle
circle_338_edges.png,circle
circle_343_edges.png,circle
circle_344_edges.png,circle
circle_345_edges.png,circle
circle_346_edges.png,circle
circle_350_edges.png,circle
circle_356_edges.png,circle
circle_357_edges.png,circle
circle_35_edges.png,circle
circle_365_edges.png,circle
circle_371_edges.png,circle
circle_372_edges.png,circle
circle_377_edges.png,circle
circle_37_edges.png,circle
circle_380_edges.png,circle
circle_381_edges.png,circle
circle_386_edges.png,circle
circle_391_edges.png,circle
circle_393_edges.png,circle
circle_395_edges.png,circle
circle_399_edges.png,circle
circle_400_edges.png,circle
circle_407_edges.png,circle
circle_408_edges.png,circle
circle_421_edges.png,circle
circle_422_edges.png,circle
circle_423_edges.png,circle
circle_429_edges.png,circle
circle_432_edges.png,circle
circle_439_edges.png,circle
circle_440_edges.png,circle
circle_447_edges.png,circle
circle_449_edges.png,circle
circle_44_edges.png,circle
circle_452_edges.png,circle
circle_453_edges.png,circle
circle_455_edges.png,circle
circle_457_edges.png,circle
circle_45_edges.png,circle
circle_460_edges.png,circle
circle_462_edges.png,circle
circle_466_edges.png,circle
circle_467_edges.png,circle
circle_468_edges.png,circle
circle_46_edges.png,circle
circle_471_edges.png,circle
circle_472_edges.png,circle
circle_473_edges.png,circle
circle_474_edges.png,circle
circle_47_edges.png,circle
circle_480_edges.png,circle
circle_489_edges.png,circle
circle_48_edges.png,circle
circle_491_edges.png,circle
circle_493_edges.png,circle
circle_496_edges.png,circle
circle_498_edges.png,circle
circle_4_edges.png,circle
circle_503_edges.png,circle
circle_504_edges.png,circle
circle_506_edges.png,circle
circle_510_edges.png,circle
circle_513_edges.png,circle
circle_517_edges.png,circle
circle_520_edges.png,circle
circle_521_edges.png,circle
circle_523_edges.png,circle
circle_531_edges.png,circle
circle_532_edges.png,circle
circle_533_edges.png,circle
circle_536_edges.png,circle
circle_539_edges.png,circle
circle_540_edges.png,circle
circle_542_edges.png,circle
circle_546_edges.png,circle
circle_549_edges.png,circle
circle_54_edges.png,circle
circle_550_edges.png,circle
circle_551_edges.png,circle
circle_552_edges.png,circle
circle_555_edges.png,circle
circle_557_edges.png,circle
circle_560_edges.png,circle
circle_565_edges.png,circle
circle_569_edges.png,circle
circle_571_edges.png,circle
circle_576_edges.png,circle
circle_582_edges.png,circle
circle_585_edges.png,circle
circle_588_edges.png,circle
circle_597_edges.png,circle
circle_598_edges.png,circle
circle_59_edges.png,circle
circle_602_edges.png,circle
circle_604_edges.png,circle
circle_608_edges.png,circle
circle_60_edges.png,circle
circle_610_edges.png,circle
circle_612_edges.png,circle
circle_613_edges.png,circle
circle_615_edges.png,circle
circle_616_edges.png,circle
circle_618_edges.png,circle
circle_623_edges.png,circle
circle_624_edges.png,circle
circle_625_edges.png,circle
circle_627_edges.png,circle
circle_628_edges.png,circle
circle_629_edges.png,circle
circle_62_edges.png,circle
circle_638_edges.png,circle
circle_640_edges.png,circle
circle_645_edges.png,circle
circle_648_edges.png,circle
circle_658_edges.png,circle
circle_661_edges.png,circle
circle_662_edges.png,circle
circle_665_edges.png,circle
circle_668_edges.png,circle
circle_669_edges.png,circle
circle_671_edges.png,circle
circle_674_edges.png,circle
circle_675_edges.png,circle
circle_676_edges.png,circle
circle_680_edges.png,circle
circle_682_edges.png,circle
circle_689_edges.png,circle
circle_693_edges.png,circle
circle_698_edges.png,circle
circle_699_edges.png,circle
circle_6_edges.png,circle
circle_705_edges.png,circle
circle_715_edges.png,circle
circle_716_edges.png,circle
circle_718_edges.png,circle
circle_720_edges.png,circle
circle_725_edges.png,circle
circle_727_edges.png,circle
circle_730_edges.png,circle
circle_731_edges.png,circle
circle_732_edges.png,circle
circle_733_edges.png,circle
circle_73_edges.png,circle
circle_742_edges.png,circle
circle_746_edges.png,circle
circle_749_edges.png,circle
circle_751_edges.png,circle
circle_752_edges.png,circle
circle_754_edges.png,circle
circle_755_edges.png,circle
circle_756_edges.png,circle
circle_757_edges.png,circle
circle_75_edges.png,circle
circle_760_edges.png,circle
circle_768_edges.png,circle
circle_76_edges.png,circle
circle_774_edges.png,circle
circle_776_edges.png,circle
circle_777_edges.png,circle
circle_779_edges.png,circle
circle_77_edges.png,circle
circle_788_edges.png,circle
circle_790_edges.png,circle
circle_797_edges.png,circle
circle_798_edges.png,circle
circle_7_edges.png,circle
circle_80_edges.png,circle
circle_810_edges.png,circle
circle_814_edges.png,circle
circle_815_edges.png,circle
circle_816_edges.png,circle
circle_817_edges.png,circle
circle_820_edges.png,circle
circle_822_edges.png,circle
circle_824_edges.png,circle
circle_825_edges.png,circle
circle_827_edges.png,circle
circle_828_edges.png,circle
circle_832_edges.png,circle
circle_837_edges.png,circle
circle_843_edges.png,circle
circle_848_edges.png,circle
circle_851_edges.png,circle
circle_852_edges.png,circle
circle_855_edges.png,circle
circle_866_edges.png,circle
circle_871_edges.png,circle
circle_877_edges.png,circle
circle_87_edges.png,circle
circle_880_edges.png,circle
circle_882_edges.png,circle
circle_887_edges.png,circle
circle_888_edges.png,circle
circle_88_edges.png,circle
circle_896_edges.png,circle
circle_898_edges.png,circle
circle_899_edges.png,circle
circle_89_edges.png,circle
circle_903_edges.png,circle
circle_906_edges.png,circle
circle_908_edges.png,circle
circle_910_edges.png,circle
circle_911_edges.png,circle
circle_918_edges.png,circle
circle_919_edges.png,circle
circle_922_edges.png,circle
circle_928_edges.png,circle
circle_932_edges.png,circle
circle_934_edges.png,circle
circle_935_edges.png,circle
circle_936_edges.png,circle
circle_938_edges.png,circle
circle_940_edges.png,circle
circle_945_edges.png,circle
circle_947_edges.png,circle
circle_948_edges.png,circle
circle_949_edges.png,circle
circle_950_edges.png,circle
circle_952_edges.png,circle
circle_953_edges.png,circle
circle_954_edges.png,circle
circle_955_edges.png,circle
circle_959_edges.png,circle
circle_963_edges.png,circle
circle_967_edges.png,circle
circle_969_edges.png,circle
circle_970_edges.png,circle
circle_971_edges.png,circle
circle_972_edges.png,circle
circle_973_edges.png,circle
circle_974_edges.png,circle
circle_979_edges.png,circle
circle_97_edges.png,circle
circle_980_edges.png,circle
circle_984_edges.png,circle
circle_986_edges.png,circle
circle_988_edges.png,circle
circle_989_edges.png,circle
circle_995_edges.png,circle
circle_99_edges.png,circle
square_102_edges.png,square
square_103_edges.png,square
square_104_edges.png,square
square_106_edges.png,square
square_107_edges.png,square
square_108_edges.png,square
square_10_edges.png,square
square_114_edges.png,square
square_119_edges.png,square
square_122_edges.png,square
square_124_edges.png,square
square_125_edges.png,square
square_126_edges.png,square
square_128_edges.png,square
square_131_edges.png,square
square_132_edges.png,square
square_133_edges.png,square
square_134_edges.png,square
square_139_edges.png,square
square_146_edges.png,square
square_147_edges.png,square
square_151_edges.png,square
square_152_edges.png,square
square_154_edges.png,square
square_155_edges.png,square
square_157_edges.png,square
square_160_edges.png,square
square_162_edges.png,square
square_163_edges.png,square
square_167_edges.png,square
square_171_edges.png,square
square_172_edges.png,square
square_175_edges.png,square
square_180_edges.png,square
square_181_edges.png,square
square_183_edges.png,square
square_184_edges.png,square
square_186_edges.png,square
square_187_edges.png,square
square_190_edges.png,square
square_191_edges.png,square
square_194_edges.png,square
square_201_edges.png,square
square_205_edges.png,square
square_20_edges.png,square
square_211_edges.png,square
square_213_edges.png,square
square_214_edges.png,square
square_216_edges.png,square
square_217_edges.png,square
square_220_edges.png,square
square_222_edges.png,square
square_225_edges.png,square
square_228_edges.png,square
square_229_edges.png,square
square_22_edges.png,square
square_233_edges.png,square
square_235_edges.png,square
square_237_edges.png,square
square_238_edges.png,square
square_239_edges.png,square
square_248_edges.png,square
square_249_edges.png,square
square_24_edges.png,square
square_250_edges.png,square
square_251_edges.png,square
square_253_edges.png,square
square_262_edges.png,square
square_263_edges.png,square
square_282_edges.png,square
square_285_edges.png,square
square_286_edges.png,square
square_287_edges.png,square
square_288_edges.png,square
square_28_edges.png,square
square_293_edges.png,square
square_294_edges.png,square
square_296_edges.png,square
square_297_edges.png,square
square_299_edges.png,square
square_2_edges.png,square
square_310_edges.png,square
square_314_edges.png,square
square_31_edges.png,square
square_320_edges.png,square
square_326_edges.png,square
square_327_edges.png,square
square_334_edges.png,square
square_335_edges.png,square
square_336_edges.png,square
square_337_edges.png,square
square_339_edges.png,square
square_351_edges.png,square
square_352_edges.png,square
square_355_edges.png,square
square_361_edges.png,square
square_364_edges.png,square
square_366_edges.png,square
square_367_edges.png,square
square_369_edges.png,square
square_36_edges.png,square
square_370_edges.png,square
square_374_edges.png,square
square_376_edges.png,square
square_379_edges.png,square
square_388_edges.png,square
square_38_edges.png,square
square_390_edges.png,square
square_397_edges.png,square
square_3_edges.png,square
square_401_edges.png,square
square_402_edges.png,square
square_405_edges.png,square
square_409_edges.png,square
square_40_edges.png,square
square_411_edges.png,square
square_412_edges.png,square
square_413_edges.png,square
square_414_edges.png,square
square_415_edges.png,square
square_416_edges.png,square
square_417_edges.png,square
square_418_edges.png,square
square_419_edges.png,square
square_41_edges.png,square
square_424_edges.png,square
square_427_edges.png,square
square_430_edges.png,square
square_431_edges.png,square
square_43_edges.png,square
square_442_edges.png,square
square_445_edges.png,square
square_446_edges.png,square
square_448_edges.png,square
square_451_edges.png,square
square_454_edges.png,square
square_458_edges.png,square
square_461_edges.png,square
square_464_edges.png,square
square_465_edges.png,square
square_469_edges.png,square
square_479_edges.png,square
square_482_edges.png,square
square_483_edges.png,square
square_484_edges.png,square
square_485_edges.png,square
square_488_edges.png,square
square_490_edges.png,square
square_492_edges.png,square
square_494_edges.png,square
square_495_edges.png,square
square_497_edges.png,square
square_499_edges.png,square
square_49_edges.png,square
square_501_edges.png,square
square_505_edges.png,square
square_508_edges.png,square
square_509_edges.png,square
square_511_edges.png,square
square_512_edges.png,square
square_514_edges.png,square
square_515_edges.png,square
square_516_edges.png,square
square_518_edges.png,square
square_519_edges.png,square
square_522_edges.png,square
square_524_edges.png,square
square_528_edges.png,square
square_52_edges.png,square
square_530_edges.png,square
square_535_edges.png,square
square_53_edges.png,square
square_547_edges.png,square
square_548_edges.png,square
square_554_edges.png,square
square_556_edges.png,square
square_558_edges.png,square
square_559_edges.png,square
square_55_edges.png,square
square_562_edges.png,square
square_563_edges.png,square
square_566_edges.png,square
square_567_edges.png,square
square_56_edges.png,square
square_570_edges.png,square
square_572_edges.png,square
square_573_edges.png,square
square_575_edges.png,square
square_580_edges.png,square
square_581_edges.png,square
square_583_edges.png,square
square_584_edges.png,square
square_586_edges.png,square
square_587_edges.png,square
square_590_edges.png,square
square_591_edges.png,square
square_593_edges.png,square
square_594_edges.png,square
square_595_edges.png,square
square_605_edges.png,square
square_606_edges.png,square
square_607_edges.png,square
square_611_edges.png,square
square_619_edges.png,square
square_620_edges.png,square
square_621_edges.png,square
square_626_edges.png,square
square_631_edges.png,square
square_632_edges.png,square
square_634_edges.png,square
square_635_edges.png,square
square_642_edges.png,square
square_644_edges.png,square
square_649_edges.png,square
square_651_edges.png,square
square_653_edges.png,square
square_656_edges.png,square
square_657_edges.png,square
square_65_edges.png,square
square_660_edges.png,square
square_664_edges.png,square
square_666_edges.png,square
square_66_edges.png,square
square_670_edges.png,square
square_672_edges.png,square
square_673_edges.png,square
square_681_edges.png,square
square_683_edges.png,square
square_684_edges.png,square
square_685_edges.png,square
square_687_edges.png,square
square_692_edges.png,square
square_694_edges.png,square
square_69_edges.png,square
square_701_edges.png,square
square_703_edges.png,square
square_706_edges.png,square
square_708_edges.png,square
square_712_edges.png,square
square_714_edges.png,square
square_71_edges.png,square
square_721_edges.png,square
square_722_edges.png,square
square_723_edges.png,square
square_736_edges.png,square
square_738_edges.png,square
square_739_edges.png,square
square_740_edges.png,square
square_741_edges.png,square
square_744_edges.png,square
square_747_edges.png,square
square_748_edges.png,square
square_753_edges.png,square
square_764_edges.png,square
square_765_edges.png,square
square_772_edges.png,square
square_778_edges.png,square
square_781_edges.png,square
square_782_edges.png,square
square_783_edges.png,square
square_786_edges.png,square
square_789_edges.png,square
square_78_edges.png,square
square_793_edges.png,square
square_794_edges.png,square
square_795_edges.png,square
square_801_edges.png,square
square_802_edges.png,square
square_804_edges.png,square
square_805_edges.png,square
square_806_edges.png,square
square_807_edges.png,square
square_811_edges.png,square
square_812_edges.png,square
square_813_edges.png,square
square_819_edges.png,square
square_821_edges.png,square
square_829_edges.png,square
square_82_edges.png,square
square_831_edges.png,square
square_834_edges.png,square
square_839_edges.png,square
square_83_edges.png,square
square_840_edges.png,square
square_844_edges.png,square
square_846_edges.png,square
square_849_edges.png,square
square_84_edges.png,square
square_856_edges.png,square
square_859_edges.png,square
square_85_edges.png,square
square_861_edges.png,square
square_863_edges.png,square
square_864_edges.png,square
square_865_edges.png,square
square_869_edges.png,square
square_870_edges.png,square
square_872_edges.png,square
square_873_edges.png,square
square_874_edges.png,square
square_876_edges.png,square
square_878_edges.png,square
square_879_edges.png,square
square_883_edges.png,square
square_886_edges.png,square
square_894_edges.png,square
square_897_edges.png,square
square_8_edges.png,square
square_901_edges.png,square
square_90_edges.png,square
square_917_edges.png,square
square_921_edges.png,square
square_926_edges.png,square
square_927_edges.png,square
square_930_edges.png,square
square_931_edges.png,square
square_939_edges.png,square
square_941_edges.png,square
square_943_edges.png,square
square_944_edges.png,square
square_946_edges.png,square
square_94_edges.png,square
square_956_edges.png,square
square_957_edges.png,square
square_961_edges.png,square
square_962_edges.png,square
square_965_edges.png,square
square_966_edges.png,square
square_968_edges.png,square
square_976_edges.png,square
square_977_edges.png,square
square_978_edges.png,square
square_982_edges.png,square
square_985_edges.png,square
square_987_edges.png,square
square_990_edges.png,square
square_993_edges.png,square
square_997_edges.png,square
triangle_100_edges.png,triangle
triangle_105_edges.png,triangle
triangle_110_edges.png,triangle
triangle_111_edges.png,triangle
triangle_113_edges.png,triangle
triangle_117_edges.png,triangle
triangle_118_edges.png,triangle
triangle_11_edges.png,triangle
triangle_141_edges.png,triangle
triangle_142_edges.png,triangle
triangle_149_edges.png,triangle
triangle_14_edges.png,triangle
triangle_150_edges.png,triangle
triangle_15_edges.png,triangle
triangle_165_edges.png,triangle
triangle_169_edges.png,triangle
triangle_16_edges.png,triangle
triangle_170_edges.png,triangle
triangle_173_edges.png,triangle
triangle_176_edges.png,triangle
triangle_179_edges.png,triangle
triangle_182_edges.png,triangle
triangle_188_edges.png,triangle
triangle_189_edges.png,triangle
triangle_18_edges.png,triangle
triangle_193_edges.png,triangle
triangle_195_edges.png,triangle
triangle_197_edges.png,triangle
triangle_198_edges.png,triangle
triangle_19_edges.png,triangle
triangle_1_edges.png,triangle
triangle_203_edges.png,triangle
triangle_204_edges.png,triangle
triangle_207_edges.png,triangle
triangle_218_edges.png,triangle
triangle_226_edges.png,triangle
triangle_230_edges.png,triangle
triangle_231_edges.png,triangle
triangle_23_edges.png,triangle
triangle_242_edges.png,triangle
triangle_243_edges.png,triangle
triangle_246_edges.png,triangle
triangle_247_edges.png,triangle
triangle_252_edges.png,triangle
triangle_255_edges.png,triangle
triangle_258_edges.png,triangle
triangle_259_edges.png,triangle
triangle_260_edges.png,triangle
triangle_261_edges.png,triangle
triangle_264_edges.png,triangle
triangle_265_edges.png,triangle
triangle_266_edges.png,triangle
triangle_267_edges.png,triangle
triangle_269_edges.png,triangle
triangle_270_edges.png,triangle
triangle_272_edges.png,triangle
triangle_273_edges.png,triangle
triangle_275_edges.png,triangle
triangle_276_edges.png,triangle
triangle_278_edges.png,triangle
triangle_279_edges.png,triangle
triangle_27_edges.png,triangle
triangle_284_edges.png,triangle
triangle_291_edges.png,triangle
triangle_292_edges.png,triangle
triangle_295_edges.png,triangle
triangle_298_edges.png,triangle
triangle_29_edges.png,triangle
triangle_300_edges.png,triangle
triangle_301_edges.png,triangle
triangle_302_edges.png,triangle
triangle_304_edges.png,triangle
triangle_316_edges.png,triangle
triangle_319_edges.png,triangle
triangle_321_edges.png,triangle
triangle_325_edges.png,triangle
triangle_328_edges.png,triangle
triangle_32_edges.png,triangle
triangle_33_edges.png,triangle
triangle_340_edges.png,triangle
triangle_341_edges.png,triangle
triangle_342_edges.png,triangle
triangle_347_edges.png,triangle
triangle_348_edges.png,triangle
triangle_349_edges.png,triangle
triangle_34_edges.png,triangle
triangle_353_edges.png,triangle
triangle_354_edges.png,triangle
triangle_358_edges.png,triangle
triangle_359_edges.png,triangle
triangle_360_edges.png,triangle
triangle_362_edges.png,triangle
triangle_363_edges.png,triangle
triangle_368_edges.png,triangle
triangle_373_edges.png,triangle
triangle_375_edges.png,triangle
triangle_378_edges.png,triangle
triangle_382_edges.png,triangle
triangle_383_edges.png,triangle
triangle_384_edges.png,triangle
triangle_385_edges.png,triangle
triangle_387_edges.png,triangle
triangle_389_edges.png,triangle
triangle_392_edges.png,triangle
triangle_394_edges.png,triangle
triangle_396_edges.png,triangle
triangle_398_edges.png,triangle
triangle_39_edges.png,triangle
triangle_403_edges.png,triangle
triangle_404_edges.png,triangle
triangle_406_edges.png,triangle
triangle_410_edges.png,triangle
triangle_420_edges.png,triangle
triangle_425_edges.png,triangle
triangle_426_edges.png,triangle
triangle_428_edges.png,triangle
triangle_42_edges.png,triangle
triangle_433_edges.png,triangle
triangle_434_edges.png,triangle
triangle_435_edges.png,triangle
triangle_436_edges.png,triangle
triangle_437_edges.png,triangle
triangle_438_edges.png,triangle
triangle_441_edges.png,triangle
triangle_443_edges.png,triangle
triangle_444_edges.png,triangle
triangle_450_edges.png,triangle
triangle_456_edges.png,triangle
triangle_459_edges.png,triangle
triangle_463_edges.png,triangle
triangle_470_edges.png,triangle
triangle_475_edges.png,triangle
triangle_476_edges.png,triangle
triangle_477_edges.png,triangle
triangle_478_edges.png,triangle
triangle_481_edges.png,triangle
triangle_486_edges.png,triangle
triangle_487_edges.png,triangle
triangle_500_edges.png,triangle
triangle_502_edges.png,triangle
triangle_507_edges.png,triangle
triangle_50_edges.png,triangle
triangle_51_edges.png,triangle
triangle_525_edges.png,triangle
triangle_526_edges.png,triangle
triangle_527_edges.png,triangle
triangle_529_edges.png,triangle
triangle_534_edges.png,triangle
triangle_537_edges.png,triangle
triangle_538_edges.png,triangle
triangle_541_edges.png,triangle
triangle_543_edges.png,triangle
triangle_544_edges.png,triangle
triangle_545_edges.png,triangle
triangle_553_edges.png,triangle
triangle_561_edges.png,triangle
triangle_564_edges.png,triangle
triangle_568_edges.png,triangle
triangle_574_edges.png,triangle
triangle_577_edges.png,triangle
triangle_578_edges.png,triangle
triangle_579_edges.png,triangle
triangle_57_edges.png,triangle
triangle_589_edges.png,triangle
triangle_58_edges.png,triangle
triangle_592_edges.png,triangle
triangle_596_edges.png,triangle
triangle_599_edges.png,triangle
triangle_5_edges.png,triangle
triangle_600_edges.png,triangle
triangle_601_edges.png,triangle
triangle_603_edges.png,triangle
triangle_609_edges.png,triangle
triangle_614_edges.png,triangle
triangle_617_edges.png,triangle
triangle_61_edges.png,triangle
triangle_622_edges.png,triangle
triangle_630_edges.png,triangle
triangle_633_edges.png,triangle
triangle_636_edges.png,triangle
triangle_637_edges.png,triangle
triangle_639_edges.png,triangle
triangle_63_edges.png,triangle
triangle_641_edges.png,triangle
triangle_643_edges.png,triangle
triangle_646_edges.png,triangle
triangle_647_edges.png,triangle
triangle_64_edges.png,triangle
triangle_650_edges.png,triangle
triangle_652_edges.png,triangle
triangle_654_edges.png,triangle
triangle_655_edges.png,triangle
triangle_659_edges.png,triangle
triangle_663_edges.png,triangle
triangle_667_edges.png,triangle
triangle_677_edges.png,triangle
triangle_678_edges.png,triangle
triangle_679_edges.png,triangle
triangle_67_edges.png,triangle
triangle_686_edges.png,triangle
triangle_688_edges.png,triangle
triangle_68_edges.png,triangle
triangle_690_edges.png,triangle
triangle_691_edges.png,triangle
triangle_695_edges.png,triangle
triangle_696_edges.png,triangle
triangle_697_edges.png,triangle
triangle_700_edges.png,triangle
triangle_702_edges.png,triangle
triangle_704_edges.png,triangle
triangle_707_edges.png,triangle
triangle_709_edges.png,triangle
triangle_70_edges.png,triangle
triangle_710_edges.png,triangle
triangle_711_edges.png,triangle
triangle_713_edges.png,triangle
triangle_717_edges.png,triangle
triangle_719_edges.png,triangle
triangle_724_edges.png,triangle
triangle_726_edges.png,triangle
triangle_728_edges.png,triangle
triangle_729_edges.png,triangle
triangle_72_edges.png,triangle
triangle_734_edges.png,triangle
triangle_735_edges.png,triangle
triangle_737_edges.png,triangle
triangle_743_edges.png,triangle
triangle_745_edges.png,triangle
triangle_74_edges.png,triangle
triangle_750_edges.png,triangle
triangle_758_edges.png,triangle
triangle_759_edges.png,triangle
triangle_761_edges.png,triangle
triangle_762_edges.png,triangle
triangle_763_edges.png,triangle
triangle_766_edges.png,triangle
triangle_767_edges.png,triangle
triangle_769_edges.png,triangle
triangle_770_edges.png,triangle
triangle_771_edges.png,triangle
triangle_773_edges.png,triangle
triangle_775_edges.png,triangle
triangle_780_edges.png,triangle
triangle_784_edges.png,triangle
triangle_785_edges.png,triangle
triangle_787_edges.png,triangle
triangle_791_edges.png,triangle
triangle_792_edges.png,triangle
triangle_796_edges.png,triangle
triangle_799_edges.png,triangle
triangle_79_edges.png,triangle
triangle_800_edges.png,triangle
triangle_803_edges.png,triangle
triangle_808_edges.png,triangle
triangle_809_edges.png,triangle
triangle_818_edges.png,triangle
triangle_81_edges.png,triangle
triangle_823_edges.png,triangle
triangle_826_edges.png,triangle
triangle_830_edges.png,triangle
triangle_833_edges.png,triangle
triangle_835_edges.png,triangle
triangle_836_edges.png,triangle
triangle_838_edges.png,triangle
triangle_841_edges.png,triangle
triangle_842_edges.png,triangle
triangle_845_edges.png,triangle
triangle_847_edges.png,triangle
triangle_850_edges.png,triangle
triangle_853_edges.png,triangle
triangle_854_edges.png,triangle
triangle_857_edges.png,triangle
triangle_858_edges.png,triangle
triangle_860_edges.png,triangle
triangle_862_edges.png,triangle
triangle_867_edges.png,triangle
triangle_868_edges.png,triangle
triangle_86_edges.png,triangle
triangle_875_edges.png,triangle
triangle_881_edges.png,triangle
triangle_884_edges.png,triangle
triangle_885_edges.png,triangle
triangle_889_edges.png,triangle
triangle_890_edges.png,triangle
triangle_891_edges.png,triangle
triangle_892_edges.png,triangle
triangle_893_edges.png,triangle
triangle_895_edges.png,triangle
triangle_900_edges.png,triangle
triangle_902_edges.png,triangle
triangle_904_edges.png,triangle
triangle_905_edges.png,triangle
triangle_907_edges.png,triangle
triangle_909_edges.png,triangle
triangle_912_edges.png,triangle
triangle_913_edges.png,triangle
triangle_914_edges.png,triangle
triangle_915_edges.png,triangle
triangle_916_edges.png,triangle
triangle_91_edges.png,triangle
triangle_920_edges.png,triangle
triangle_923_edges.png,triangle
triangle_924_edges.png,triangle
triangle_925_edges.png,triangle
triangle_929_edges.png,triangle
triangle_92_edges.png,triangle
triangle_933_edges.png,triangle
triangle_937_edges.png,triangle
triangle_93_edges.png,triangle
triangle_942_edges.png,triangle
triangle_951_edges.png,triangle
triangle_958_edges.png,triangle
triangle_95_edges.png,triangle
triangle_960_edges.png,triangle
triangle_964_edges.png,triangle
triangle_96_edges.png,triangle
triangle_975_edges.png,triangle
triangle_981_edges.png,triangle
triangle_983_edges.png,triangle
triangle_98_edges.png,triangle
triangle_991_edges.png,triangle
triangle_992_edges.png,triangle
triangle_994_edges.png,triangle
triangle_996_edges.png,triangle
triangle_998_edges.png,triangle
triangle_999_edges.png,triangle
triangle_9_edges.png,triangle
